{
    "rmse": 309.49901954173146,
    "mae": 80.95995696073454,
    "rmsle": 0.9471029351142646
}