{
    "rmse": 659.7567492648529,
    "mae": 140.00337208772237,
    "rmsle": 1.2411909772399612
}